{"cameraMode":{"drawMode":0,"name":"Shaded","section":"Shading Mode"},"sceneLighting":true,"audioPlay":false,"sceneViewState":{"m_AlwaysRefresh":false,"showFog":true,"showSkybox":true,"showFlares":true,"showImageEffects":true,"showParticleSystems":true,"showVisualEffectGraphs":true,"m_FxEnabled":true},"in2DMode":false,"pivot":{"x":0.3502567410469055,"y":0.5049334168434143,"z":0.8533787727355957},"rotation":{"x":0.09252555668354035,"y":0.880519449710846,"z":-0.19014815986156465,"w":0.4248768985271454},"size":2.2431817054748537,"orthographic":false}